ntd_id_2022 ,reported_by_name,legacy_ntd_id,agency_name,city,ntd_id_2021,Remarks 
231,,0T33,Confederated Tribes of Warm Springs,Warm Springs,,No 2021 data
90306,,,Stanislaus Regional Transit Authority,Modesto,,the county doesn’t have data after 2021 so could be the same data 
44982,Georgia Department of Transportation,,Southern Georgia Regional Commission,Valdosta,,Lowndes county has no data after 2021 so could be the same data
40199,,,Autonomous Municipality of Vega Alta,Vega Alta,,No 2021 data
41182,Municipality of Comerio,1R05-003,Comerio,,,no 2021 data but has 2020 data under legacy id 4R09-41182
10008,Massachusetts Department of Transportation ,,Pioneer Valley Transit Authority Intercity Bus,Springfield,,
99394,,9T29,Elko Band Council,Elko,,No 2021 data
20228,,,"Enterprise Holdings, LLC",Syracuse,,
66345,,,Taos Pueblo,Taos,,
90307,,,Town of Prescott Valley,Prescott Valley,,
20227,,,Town of Wallkill,Middletown,,
55665,Indiana Department of Transportation,,Brown County YMCA,Nashville,,
80299,,,"Silver Key Senior Services, Inc",Colorado Springs,,
90310,,,Tulare County Regional Transit Agency,Visalia,,
30205,,,"Transit Management of Central Maryland, Inc.",Annapolis Junction,,
80138,Colorado Department of Transportation,8R01-043,"Dynamic Dimensions, Inc.",Burlington,,
40274,,,Town of Morrisville,Morrisville,,
80179,Colorado Department of Transportation,8R01-029,City of Burlington,Burlington,,
60276,,,Plaquemines Port Harbor Terminal District,Belle Chasse,,
88239,Utah Department of Transportation,,High Valley Transit District,,,
50525,,,Hamilton County,Noblesville,,
80211,Colorado Department of Transportation,8R01-033,Town of Limon,Limon,,
44983,Mississippi Department of Transportation,,Philadelphia Transit,Philadelphia,,
88236,Utah Department of Transportation,,Washington County   (on behalf of Council On Aging),St. George,,
11246,,,Vermont Agency of Transportation,Barre,,
31047,West Virginia Department of Transportation,,Raleigh County Commission on Aging,Beckley,,
50526,,,"Hancock County, Indiana",Greenfield,,
88268,Utah Department of Transportation,,Cache Employment & Training Center (CETC),Logan,,
90309,,,City of Casa Grande,Casa Grande,,
99460,Arizona Department of Transportation,,Verde Valley Caregivers Coalition,Sedona,,
99461,Arizona Department of Transportation,,Town of Florence,Florence,,
88242,Utah Department of Transportation,,Sevier County ,Richfield,,
30998,West Virginia Department of Transportation,,Ritchie County Integrated Family Services,Harrisville,,
88245,Utah Department of Transportation,,Piute County Senior Citizen Center,Junction,,
88265,Utah Department of Transportation,,Common Ground Outdoor Adventures,Logan,,
99465,Arizona Department of Transportation,,Easterseals Blake Foundation,Tucson,,
55666,Ohio Department of Transportation,,Buckeye Community Services,Jackson,,
31014,West Virginia Department of Transportation,,Friends of Hansford Center,Saint Albans,,
99466,Arizona Department of Transportation,,Assist to Independence,Tuba City,,
99464,Arizona Department of Transportation,,Helping Ourselves Pursue Enrichment Incorporated,Tucson,,
55664,Indiana Department of Transportation,,Shelby Senior Services ,Shelbyville,,
88233,Utah Department of Transportation,,Uintah Healthcare Special Service District,Vernal,,
88304,Colorado Department of Transportation,,"Boulder, City of",Boulder,,
31049,West Virginia Department of Transportation,,Hardy County Committee on Aging Inc,Moorefield,,
31002,West Virginia Department of Transportation,,Neighbor Network/Pleasants County Senior Services,Saint Marys,,
31050,West Virginia Department of Transportation,,Council of Senior Tyler Countians Inc,Middlebourne,,
31046,West Virginia Department of Transportation,,"Commission On Aging Family Services Inc., The",Petersburg,,
99463,Arizona Department of Transportation,,New Horizons Disability Empowerment Center,Prescott Valley,,
88253,Utah Department of Transportation,,Kane County Senior Citizens Improvement Corp,Kanab,,
99462,Arizona Department of Transportation,,Saguaro Foundation Community Living Programs,Yuma,,
99467,Arizona Department of Transportation,,Town of springerville AZ,Springerville,,
31048,West Virginia Department of Transportation,,"Greenbrier Co. Committee on Aging, Inc.",Rupert,,
