Transit Provider,ITP_ID,NTD ID,Modes,Caltrans District,Service Area Density,Service Area Population,UPT 2019,Agency VOMS 2019,Fare Revenue 2019,City,County,URL
Access Services  ,1,90157,"DT,DR",07 - Los Angeles,Urban,"11,638,106","4,458,330","1,221","$10,180,984",El Monte,Los Angeles,http://accessla.org/home/
Agoura Hills Dial-A-Ride ,2,90246,DR,07 - Los Angeles,Rural,"20,330","8,231",3,"$18,713",Agoura Hills,Los Angeles,http://www.ci.agoura-hills.ca.us/our-city/visitors/alternative-transportation
AC Transit,4,90014,"MB,DR,DR,MB,CB",04 - Oakland,Urban,"1,425,275","54,067,171",780,"$72,983,748",Oakland,Alameda,http://www.actransit.org/
Alhambra Community Transit,6,90247,"MB,DR",07 - Los Angeles,Mix,"83,089","413,839",15,"$84,389",Alhambra,Los Angeles,https://www.cityofalhambra.org/resources/public-transportation
Alpine County Local Transportation Commission,9,9R02-91116,DR,10 - Stockton,Rural,,654,2,"$12,434",Markleeville,Alpine,http://www.alpinecountyca.gov/index.aspx?NID=159
Altamont Corridor Express,10,90182,CR,10 - Stockton,Urban,"4,094,704","1,506,183",28,"$10,929,851",Stockton,San Joaquin,http://www.acerail.com/
Amador Regional Transit System,11,9R02-91000,"MB,DR,CB",10 - Stockton,Rural,,"65,662",12,"$116,601",Sutter Creek,Amador,http://amadortransit.com/
Greyhound,12,,IB ,08 - San Bernardino,Mix,,0, ,$0,Intercity,San Bernardino,http://www.autobusesamericanos.us/
Amtrak,13,,IR,03 - Marysville,Urban,,0, ,$0,Los Angeles,Sacramento,http://www.amtrak.com/home
Anaheim Resort Transportation,14,90211,"MB,DR",12 - Irvine,Urban,"358,000","9,448,810",76,"$4,651,425",Anaheim,Orange,http://www.rideart.org/
Angel Island-Tiburon Ferry Company,15,,FB,04 - Oakland,Rural,,0, ,$0,Tiburon,Marin,https://angelislandferry.com/
Antelope Valley Transit Authority,16,90121,"MB,CB,DR",07 - Los Angeles,Urban,"349,050","2,352,468",89,"$4,826,576",Lancaster,Los Angeles,http://www.avta.com/
Arcadia Transit,17,90044,"DR,MB",07 - Los Angeles,Urban,"56,364","77,743",14,"$12,613",Arcadia,Los Angeles,https://www.arcadiaca.gov/transit
Arcata and Mad River Transit System,18,9R02-91018,MB,01 - Eureka,Rural,,"165,536",3,"$210,373",Arcata,Humboldt,https://hta.org/agencies/arcata-and-mad-river/
Artesia Express Dial-A-Ride,20,90300,DT,07 - Los Angeles,Rural,"16,736","8,309",5,$0,Artesia,Los Angeles,http://www.cityofartesia.us/index.aspx?nid=189
Arvin Transit,21,9R02-91027,MB,06 - Fresno,Rural,,"76,843",6,"$62,252",Arvin,Kern,https://www.arvin.org/government/transportation/
Atascadero Dial-A-Ride,22,90194,"DR,MB",05 - San Luis Obispo,Rural,"29,134","12,864",3,"$36,283",Atascadero,San Luis Obispo,https://atascadero.org/index.php?option=com_content&view=article&id=633&Itemid=1536
Auburn Transit,23,9R02-91032,MB,03 - Marysville,Rural,,"37,363",5,"$21,830",Auburn,Placer,https://www.auburn.ca.gov/192/Transit-Services
Avalon Transit,24,90249,"MB,DR",07 - Los Angeles,Rural,"3,801","44,209",4,"$87,999",Avalon,Los Angeles,http://www.cityofavalon.com/content/3310/5078/default.aspx
Azusa Transit,26,90250,DR,07 - Los Angeles,Mix,"46,361","37,223",6,"$14,870",Azusa,Los Angeles,https://www.ci.azusa.ca.us/329/Azusa-Transit
Bakersfield Airport Valet Express,27,,CB,06 - Fresno,Mix,,0, ,$0,Bakersfield,Kern,http://www.airportvaletexpress.com/
Balboa Island Ferry,28,,FB,12 - Irvine,Rural,,0, ,$0,Balboa Island,Orange,http://www.balboaislandferry.com/
Baldwin Park Transit,29,90251,"MB,DR",07 - Los Angeles,Mix,"76,056","124,084",8,"$66,227",Baldwin Park,Los Angeles,https://www.baldwinpark.com/public-transit
Banning Pass Transit,30,,MB,08 - San Bernardino,Rural,,0, ,$0,Banning,Riverside,http://banning.ca.us/351/Bus-Schedules
Coronado Ferry,32,,FB,11 - San Diego,Urban,,0, ,$0,San Diego,San Diego,https://www.flagshipsd.com/cruises/coronado-ferry
Bear Transit,33,,MB,04 - Oakland,Mix,,0, ,$0,Berkeley,Alameda,https://pt.berkeley.edu/transportation-options/campus-shuttles
Beaumont Pass Transit,34,,MB,08 - San Bernardino,Rural,,0, ,$0,Beaumont,Riverside,https://beaumontca.gov/index.aspx?NID=160
La Campana,35,90252,"DT,MB,DR",07 - Los Angeles,Urban,"35,731","45,894",8,"$19,838",Bell,Los Angeles,http://www.cityofbell.org/?NavID=72
Bell Gardens,36,90253,"MB,DR",07 - Los Angeles,Rural,"42,889","163,420",6,"$55,412",Bell Gardens,Los Angeles,https://www.bellgardens.org/government/city-departments/public-works/transportation
Bellflower Bus,37,90254,"MB,DR",07 - Los Angeles,Mix,"78,106","74,184",4,"$25,293",Bellflower,Los Angeles,https://www.bellflower.org/resources/transportation/bus.asp
Berkeley Lab Bus System,38,,MB,04 - Oakland,Mix,,0, ,$0,Berkeley,Alameda,https://commute.lbl.gov/service/shuttle-buses/
Beverly Hills,39,90255,DR,07 - Los Angeles,Mix,"34,833","9,750",4,$0,Beverly Hills,Los Angeles,http://www.beverlyhills.org/living/transportation/
Bishop Paiute Tribe,40,99268,MB,09 - Bishop,Rural,,0, ,$0,Bishop,Inyo,http://www.bishoppaiutetribe.com/
Blue and Gold Fleet,41,,FB,04 - Oakland,Urban,,0, ,$0,San Francisco,Marin,https://www.blueandgoldfleet.com/
Blue Lake Rancheria,42,99292,MB,01 - Eureka,Rural,,0, ,$0,Blue Lake,Humboldt,https://bluelakerancheria-nsn.gov/initiatives/transportation/
Brea Shuttle Express,43,,"MB,DR,DT",12 - Irvine,Rural,,0, ,$0,Brea,Orange,http://www.cityofbrea.net/1105/Transportation
Burbank Bus,45,90256,MB,07 - Los Angeles,Mix,"104,447","213,707",14,"$189,786",Burbank,Los Angeles,http://www.burbankbus.org/
Butte County Association of Governments,47,90208,"MB,DR",03 - Marysville,Mix,"185,545","1,091,148",48,"$1,528,906",Chico,Butte,http://www.bcag.org/
Calabasas Transit System,49,90257,"DR,MB",07 - Los Angeles,Rural,"24,153","46,606",13,"$30,386",Calabasas,Los Angeles,https://www.cityofcalabasas.com/departments/traffic/shuttle.html
Calaveras Transit,50,9R02-99442,MB,10 - Stockton,Rural,,"38,789",6,"$100,263",San Andreas,Calaveres,http://calaverastransit.com/
California City Dial-A-Ride,51,9R02-91111,DR,09 - Bishop,Rural,,"16,772",3,"$25,748",California City,Kern,https://www.californiacity-ca.gov/CC/index.php/transportation
CSUEB Shuttle,52,,MB,04 - Oakland,Mix,,0, ,$0,Hayward,Contra Costa,http://www.csueastbay.edu/parking/alt-trans/university-shuttle1/shuttle-hayward-hills.html
California Vanpool Authority,53,90230,VP,06 - Fresno,Urban,"5,893,986","3,434,148",783,"$10,642,705",Hanford,Kings,http://www.CalVans.org/
Camarillo Area Transit,54,90163,"MB,DR",07 - Los Angeles,Mix,"66,923","174,558",19,"$153,800",Camarillo,Ventura,https://www.cityofcamarillo.org/residents/public_transportation/index.php
Capitol Corridor,56,,IR,04 - Oakland,Urban,,0, ,$0,Oakland (intercity),Alameda,https://www.capitolcorridor.org/
Carson Circuit,57,90258,"DT,MB",07 - Los Angeles,Mix,"91,714","267,592",15,"$154,773",Carson,Los Angeles,http://ci.carson.ca.us/CommunityServices/Transportation.aspx
Catalina Express,58,,FB,07 - Los Angeles,Urban,,0, ,$0,Long Beach,Los Angeles,http://catalinaexpress.com/
Catalina Flyer,59,,FB,07 - Los Angeles,Mix,,0, ,$0,Newport Beach,Los Angeles,http://www.catalinainfo.com/
Catalina Safari Shuttle Bus,60,,MB,07 - Los Angeles,Rural,,0, ,$0,Catalina,Los Angeles,https://www.visitcatalinaisland.com/things-to-do/two-harbors/outdoor-activities/safari-bus/
County Connection,61,90078,"MB,DR,MB",04 - Oakland,Urban,"540,067","3,404,865",142,"$4,864,199",Concord,Contra Costa,http://www.cccta.org/
Cerritos on Wheels,63,90259,"MB,DR",07 - Los Angeles,Rural,"50,004","136,501",16,"$75,313",Cerritos,Los Angeles,http://www.cerritos.us/RESIDENTS/transportation.php
Chemehuevi Indian Tribe,64,99316,FB,08 - San Bernardino,Rural,,"504,098",2,"$297,314",Havasu Lake ,San Bernardino,www.chemehuevi.net
Chowchilla Area Transit,65,9R02-91071,DR,06 - Fresno,Rural,,"17,027",2,"$26,332",Chowchilla,Madera,https://cityofchowchilla.org/223/Chowchilla-Area-Transit-CATX
Chumash Casino Shuttle Bus,67,,MB,05 - San Luis Obispo,Rural,,0, ,$0,Chumash,Santa Barbara,https://chumashcasino.com/shuttle-schedule
Claremont Dial-a-Ride,69,90296,"DR,DT",07 - Los Angeles,Rural,"36,700","26,667",28,"$37,649",La Verne,Los Angeles,https://www.ci.claremont.ca.us/living/transit-services-75
Clovis Transit System,71,,"MB,DR",06 - Fresno,Mix,,0, ,$0,Clovis,Fresno,https://cityofclovis.com/general-services/transit/
Colusa County Transit Agency,74,9R02-91112,DR,03 - Marysville,Rural,,"42,786",6,"$105,664",Colusa,Colusa,http://www.countyofcolusa.org/transit
Commerce Municipal Bus Lines,75,90043,"DR,MB",07 - Los Angeles,Rural,"12,997","455,961",15,$0,Commerce,Los Angeles,http://ci.commerce.ca.us/index.aspx?NID=90
Commute.org Shuttles,76,,MB,04 - Oakland,Mix,,0, ,$0,South San Francisco,San Mateo,http://www.commute.org
Compton Renaissance Transit Service,77,90260,"MB,DR",07 - Los Angeles,Urban,"97,550","63,071",7,"$40,169",Compton,Los Angeles,http://www.comptoncity.org/visitors/cpttrans.asp
Corcoran Area Transit,78,9R02-91002,DR,06 - Fresno,Rural,,"32,529",6,"$85,820",Corcoran,Kings,http://www.cityofcorcoran.com/cityhall/pw/transit/default.asp
Corona Cruiser,79,90052,"DR,MB",08 - San Bernardino,Mix,"166,785","170,946",14,"$273,745",Corona,Riverside,http://coronaca.gov/transit
Costa Mesa Senior Center,80,,DT,12 - Irvine,Mix,,0, ,$0,Costa Mesa,Orange,https://www.costamesaca.gov/city-hall/city-departments/parks-and-community-services/senior-taxi-program-registration-form
South County Transit Link,81,9R02-90216,"DR,CB,MB",03 - Marysville,Mix,,"105,479",13,"$247,875",Galt,Sacramento,http://www.sctlink.com/
Siskiyou Transit and General Express,83,9R02-91048,MB,02 - Redding,Rural,,"50,200",8,"$155,067",Yreka,Siskiyou,https://www.co.siskiyou.ca.us/generalservices/page/stage-siskiyou-transit-and-general-express
County of Ventura,84,90298,MB,07 - Los Angeles,Mix,"14,212","68,650",4,$0,Ventura,Camarillo,https://www.ventura.org/visitors/transportation/
Covina Transit,85,90261,DR,07 - Los Angeles,Rural,"48,508","20,668",5,"$5,903",Covina,Los Angeles,https://covinaca.gov/publicworks/page/transportation
Cudahy Area Rapid Transit,86,90262,"DT,MB",07 - Los Angeles,Rural,"24,103","9,503",6,"$9,504",Cudahy,Los Angeles,www.cityofcudahy.com
Culver CityBus,87,90039,"MB,DR",07 - Los Angeles,Urban,"341,718","4,608,517",46,"$2,911,683",Culver City,Los Angeles,https://www.culvercity.org/how-do-i/find/culver-city-bus/
Cuyama Valley Transit,88,,MB,05 - San Luis Obispo,Rural,,0, ,$0,Cuyama,Santa Barbara,https://www.transit.wiki/Cuyama_Transit
Cypress Transit,89,,DT,12 - Irvine,Mix,,0, ,$0,Cypress,Orange,https://www.cypressca.org/activities/senior-center/transportation
Davis Community Transit,90,90167,DR,03 - Marysville,Mix,"73,020","17,884",3,"$39,145",Davis,Yolo,http://cityofdavis.org/city-hall/parks-and-community-services/davis-community-transit
Delano Area Rapid Transit,91,90238,"DR,MB,CB",06 - Fresno,Rural,"53,041","84,817",10,"$132,217",Delano,Kern,https://www.cityofdelano.org/92/Delano-Area-Rapid-Transit-DART
Diamond Bar Transportation,92,,DT,07 - Los Angeles,Mix,,0, ,$0,Diamond Bar,Los Angeles,https://www.diamondbarca.gov/487/Transportation
Dinuba Area Regional Transit ,93,9R02-91040,"MB,DR",06 - Fresno,Rural,,"111,718",6,"$75,192",Dinuba,Tulare,http://www.dinuba.org/services/public-services/public-transit
Dixon Readi-Ride Transit Services,94,9R02-91041,DR,04 - Oakland,Rural,,"62,188",9,"$117,350",Dixon,Solano,http://www.ci.dixon.ca.us/
DowneyLINK,95,90263,"DR,DR,MB",07 - Los Angeles,Mix,"111,772","116,305",23,"$46,300",Downey,Los Angeles,https://www.downeyca.org/our-city/departments/parks-recreation/transit/downeylink-transit-system
Duarte Transit,97,90264,MB,07 - Los Angeles,Rural,"21,724","108,926",2,$0,Duarte,Los Angeles,http://www.accessduarte.com/dept/admin/transit_division/default.htm
Eastern Sierra Transit Authority,99,9R02-91062,"CB,MB,DR",09 - Bishop,Mix,,"1,123,564",44,"$852,207",Bishop,Inyo,http://www.estransit.com
Easy Lift Transportation,100,90243,DR,05 - San Luis Obispo,Mix,"178,200","76,300",26,"$1,137,551",Goleta,Santa Barbara,http://www.easylift.org/
El Dorado Transit,101,90229,"MB,DR,CB",03 - Marysville,Mix,"162,943","399,537",30,"$1,494,423",Diamond Springs,El Dorado,http://www.eldoradotransit.com/
El Monte Transportation Division,102,90265,"MB,DR,MB,DR",07 - Los Angeles,Urban,"201,889","453,860",13,"$164,016",El Monte,Los Angeles,http://www.ci.el-monte.ca.us/Government/PublicWorks/Transportation.aspx
El Segundo Lunchtime Shuttle,103,,MB,07 - Los Angeles,Rural,,0, ,$0,El Segundo,Los Angeles,http://www.elsegundo.org/depts/recreation/brochure_and_programs/shuttle_services.asp
e-Tran,105,90205,"DR,CB,MB",03 - Marysville,Urban,"171,059","754,871",48,"$1,262,348",Elk Grove,Sacramento,http://www.e-tran.org/
Emery Go-Round,106,,MB,04 - Oakland,Urban,,0, ,$0,Emeryville,Alameda,https://www.emerygoround.com/
eTrans,107,9R02-91078,"MB,DR",10 - Stockton,Rural,,"2,315",2,"$2,693",Escalon,San Joaquin,http://cityofescalon.org/cms/one.aspx?pageId=13056687
Eureka Transit Service,108,9R02-91093,MB,01 - Eureka,Rural,,"203,489",4,"$250,065",Eureka,Humboldt,https://hta.org/agencies/eureka-transit-service/
Fairfield and Suisun Transit,110,90092,"DR,MB,CB",04 - Oakland,Mix,"505,849","905,023",39,"$2,256,280",Fairfield,Solano,https://fasttransit.org/
Folsom Stage Line,111,90220,"MB,DR",03 - Marysville,Mix,"77,271","50,183",7,$0,Folsom,Sacramento,https://www.folsom.ca.us/public_works/transit/stage_line/default.asp
Foothill Transit,112,90146,MB,07 - Los Angeles,Urban,"1,515,836","12,053,307",303,"$16,079,596",West Covina,Los Angeles,http://www.foothilltransit.org/
Foster City Senior Express Shuttle,114,,DR,04 - Oakland,Mix,,0, ,$0,Foster City,San Mateo,https://www.fostercity.org/citymanager/page/transportation-contacts
Fremont Paratransit Program,115,,DR,04 - Oakland,Urban,,0, ,$0,Fremont,Alameda,https://www.fremont.gov/BusinessDirectoryII.aspx?lngBusinessCategoryID=40
Fresno Area Express,116,90027,"DR,MB",06 - Fresno,Urban,"515,609","10,770,493",158,"$6,732,476",Fresno,Fresno,http://www.fresno.gov/fax/
Fresno County Rural Transit Agency,117,9R02-91007,"DR,MB",06 - Fresno,Mix,,"319,780",91,"$616,210",Fresno,Fresno,http://www.ruraltransit.org/
GTrans,118,90042,"DR,MB",07 - Los Angeles,Urban,"463,968","2,943,423",49,"$2,246,436",Gardena,Los Angeles,http://ridegtrans.com/
Glendale Beeline,120,99423,"DR,MB",07 - Los Angeles,Urban,"214,813","1,457,828",34,"$881,312",Glendale,Los Angeles,www.glendaleca.gov/government/departments/public-works/public-transportation/beeline-transit-system
Glendora Transportation Division,121,90266,"MB,DR",07 - Los Angeles,Mix,"51,290","60,712",13,"$42,827",Glendora,Los Angeles,www.cityofglendora.org/transportation
Glenn Transit Service,122,9R02-91088,"MB,DR",03 - Marysville,Rural,,"47,281",4,"$103,416",Willows,Glenn,https://www.countyofglenn.net/dept/public-works/public-transit-transportation/welcome
Gold Coast Transit,123,90035,"MB,DR",07 - Los Angeles,Urban,"367,260","3,642,130",71,"$3,216,832",Oxnard,Ventura,http://www.goldcoasttransit.org/
GET Bus,126,90004,"MB,DR",06 - Fresno,Urban,"495,019","6,252,450",87,"$4,509,862",Bakersfield,Kern,http://www.getbus.org/
Golden Gate Bridge Highway and Transportation District,127,90016,"FB,DR,MB",04 - Oakland,Urban,"887,386","5,615,970",147,"$36,018,269",San Rafael,Marin,http://www.goldengate.org/
Gridley Golden Feather Flyer,128,,DR,03 - Marysville,Rural,,0, ,$0,Gridley,Butte,http://gridley.ca.us/why-live-here/
Guadalupe Flyer,129,9R02-91043,"MB,DR",05 - San Luis Obispo,Rural,,"76,989",3,"$69,525",Guadalupe,Santa Barbara,https://www.smoothinc.org/guadalupe-flyer.php
Hawaiian Gardens Public Transportation,131,,DR,07 - Los Angeles,Mix,,0, ,$0,Hawaiian Gardens,Los Angeles,https://www.hgcity.org/government/departments/recreation-and-community-services/transportation-services
Hawthorne Dial-a-Ride Transportation,132,,DR,07 - Los Angeles,Mix,,0, ,$0,Hawthorne,Los Angeles,http://www.cityofhawthorne.org/senior-activities
Healdsburg Transportation,133,,DT,04 - Oakland,Rural,,0, ,$0,Healdsburg,Sonoma,https://www.ci.healdsburg.ca.us/861/Transportation-Options
Humboldt Transit Authority,135,9R02-91036,"CB,MB",01 - Eureka,Rural,,"518,046",14,"$1,252,820",Eureka,Humboldt,http://www.hta.org/
Seniors on the Go Transportation Services,136,,DR,07 - Los Angeles,Urban,,0, ,$0,Huntington Beach,*Orange,https://www.huntingtonbeachca.gov/residents/human_services/SeniorsOutreachCenterTransportation.cfm
Huntington Park Express,137,90267,"MB,DT",07 - Los Angeles,Mix,,"213,396",18,"$111,463",Huntington Park,Los Angeles,https://www.hpca.gov/232/HP-Express
Imperial Valley Transit,138,90226,"MB,DR",11 - San Diego,Rural,"174,610","783,339",28,"$752,841",El Centro,Imperial,http://www.ivtransit.com/
Inglewood,139,90268,"DR,DT,MB",07 - Los Angeles,Urban,"220,857","50,093",11,"$29,704",Inglewood,Los Angeles,https://www.cityofinglewood.org/796/Transportation
Inland Regional Center,140,,DR,08 - San Bernardino,Mix,,0, ,$0,San Bernardino,San Bernardino,http://www.inlandrc.org
John Wayne Airport,143,,MB,12 - Irvine,Mix,,0, ,$0,Airport Ground Transportation,Orange,https://www.ocair.com
Karuk Tribe,145,,MB,01 - Eureka,Rural,,0, ,$0,Orleans,Humboldt,http://www.karuk.us/index.php/departments/transportation
Kern Transit,146,9R02-91059,"MB,DR",06 - Fresno,Mix,,"411,656",45,"$862,572",Bakersfield,Kern,http://kerntransit.org/
Kings Area Rural Transit,148,90200,"DR,MB",06 - Fresno,Rural,"70,267","702,428",22,"$612,866",Hanford,Kings,https://www.kartbus.org/
La Canada Flintridge Dial-a-Ride,149,,DR,07 - Los Angeles,Rural,,0, ,$0,La Canada Flintridge,Los Angeles,https://cityoflcf.org/live-well/transportation/
La Mirada Transit,151,90024,DR,07 - Los Angeles,Rural,"49,527","43,686",7,"$35,602",La Mirada,Los Angeles,http://www.cityoflamirada.org/city-services/transit
La Puente LINK,152,,MB.DR,07 - Los Angeles,Mix,,0, ,$0,La Puente,Los Angeles,http://www.lapuente.org/how-do-i-/find/transit-services
Laguna Beach Municipal Transit,154,90119,MB,12 - Irvine,Rural,"22,723","820,829",23,"$26,777",Laguna Beach,Orange,http://www.lagunabeachcity.net/trolley
Laguna Niguel Transportation Program,155,,DT,12 - Irvine,Mix,,0, ,$0,Laguna Niguel,Orange,https://www.cityoflagunaniguel.org/243/Transportation-Services
Laguna Woods Senior Mobility Program,156,,DT,12 - Irvine,Rural,,0, ,$0,Laguna Woods,Orange,https://www.cityoflagunawoods.org/our-services/senior-mobility-services/
Lake Forest Senior Transportation,157,,DT,12 - Irvine,Mix,,0, ,$0,Lake Forest,Orange,http://www.lakeforestca.gov/173/Senior-Transportation
Lake Transit,159,9R02-91053,"DR,MB",01 - Eureka,Mix,,"319,957",29,"$511,369",Lower Lake,Lake,http://laketransit.org/
DASH Transit,160,90301,DR,07 - Los Angeles,Urban,"79,272","14,801",12,$0,Lakewood,Los Angeles,https://www.lakewoodcity.org/services/human/transit.asp
Lassen Transit Service Agency,162,9R02-91098,"MB,DR,CB",02 - Redding,Rural,,"87,903",5,"$163,214",Susanville,Lassen,http://lassentransportation.com/ltsa
Lawndale Beat,164,90280,MB,07 - Los Angeles,Urban,"32,769","44,731",2,"$17,760",Lawndale,Los Angeles,http://www.lawndalecity.org/html/depthtml/csd/beat.htm
LAX FlyAway,165,,CB,07 - Los Angeles,Urban,,0, ,$0,Los Angeles,Los Angeles,http://www.lawa.org/FlyAway/Default.aspx
Tri-Valley Wheels,167,90144,"MB,DR",04 - Oakland,Urban,"225,250","1,706,551",67,"$2,535,311",Livermore,Alameda,http://www.wheelsbus.com/
Grapeline,168,90175,"MB,DR",10 - Stockton,Mix,"64,058","284,269",16,"$216,006",Lodi,San Joaquin,http://www.lodi.gov/469/Transit
City of Lompoc Transit,169,90149,"MB,DR",05 - San Luis Obispo,Rural,"55,666","89,061",10,"$136,502",Lompoc,Santa Barbara,http://www.cityoflompoc.com/transit/
Long Beach Transit,170,90023,"MB,DR",07 - Los Angeles,Urban,"796,609","23,248,158",196,"$13,854,161",Long Beach,Los Angeles,http://www.lbtransit.com/
Avocado Heights/Bassett/West Valinda Shuttle,171,90270,MB,07 - Los Angeles,Urban,"15,500","29,611",1,"$6,629",Alhambra,Los Angeles,https://dpw.lacounty.gov/transit/AvoBasWVShuttle.aspx
East Los Angeles Shuttle,172,90271,"DR,MB",07 - Los Angeles,Urban,"126,496","820,931",13,"$146,374",Alhambra,Los Angeles,https://dpw.lacounty.gov/transit/ElSolShuttle.aspx
East Valinda Shuttle,173,90272,MB,07 - Los Angeles,Urban,"22,822","47,394",1,"$8,520",Alhambra,Los Angeles,https://dpw.lacounty.gov/transit/EastValindaShuttle.aspx
Sunshine Bus(South Whittier),174,90276,MB,07 - Los Angeles,Urban,"86,883","239,964",4,"$41,320",Alhambra,Los Angeles,https://dpw.lacounty.gov/transit/SWSunshineShuttle.aspx
Whittier Demand Response,175,90277,DR,07 - Los Angeles,Urban,"284,527","30,290",10,"$14,113",Alhambra,Los Angeles,https://dpw.lacounty.gov/transit/DAR.aspx#pageTitle
the Link-Athens,176,90269,MB,07 - Los Angeles,Urban,"23,159","48,680",1,"$9,394",Alhambra,Los Angeles,https://dpw.lacounty.gov/transit/TheLinkAthens.aspx
the Link Florence-Firestone/Walnut Park,177,90273,MB,07 - Los Angeles,Urban,"63,387","209,688",2,"$33,888",Alhambra,Los Angeles,https://dpw.lacounty.gov/transit/TheLinkFlorenceFirestone.aspx
the Link King Medical Center,178,90274,MB,07 - Los Angeles,Urban,"12,358","55,774",2,$0,Alhambra,Los Angeles,https://dpw.lacounty.gov/transit/TheLinkKingMedical.aspx
the Link Lennox,179,90275,MB,07 - Los Angeles,Urban,"27,897","82,249",1,"$12,896",Alhambra,Los Angeles,https://dpw.lacounty.gov/transit/TheLinkLennox.aspx
Willowbrook Demand Response,180,90279,DR,07 - Los Angeles,Urban,"179,976","5,575",3,"$2,215",Alhambra,Los Angeles,https://dpw.lacounty.gov/transit/DAR.aspx#pageTitle
the Link Willowbrook,181,90278,MB,07 - Los Angeles,Urban,"24,798","49,829",2,"$8,704",Alhambra,Los Angeles,https://dpw.lacounty.gov/transit/TheLinkWillowbrook.aspx
Los Angeles Metro,182,90154,"HR,RB,LR,MB,MB,VP",07 - Los Angeles,Urban,"8,360,358","379,718,121","3,469","$280,840,970",Los Angeles,Los Angeles,http://www.metro.net/
Los Angeles Department of Transportation,183,90147,"CB,DT,DR,MB",07 - Los Angeles,Urban,"4,849,476","19,292,677",370,"$10,861,959",Los Angeles,Los Angeles,http://www.ladottransit.com/
Central Coast Shuttle LAX,184,,CB,07 - Los Angeles,Urban,,0, ,$0,Los Angeles,Los Angeles,https://www.centralcoastshuttle.com/
Lynwood Trolley / Breeze,186,90281,MB,07 - Los Angeles,Mix,"72,505","166,559",4,"$39,637",Lynwood,Los Angeles,http://lynwood.ca.us/lynwood-trolley-breeze-schedule/
Madera Area Express,187,90199,"DR,MB",06 - Fresno,Mix,"64,208","110,631",17,"$173,846",Madera,Madera,https://www.cityofmadera.ca.gov/home/departments/transit/
Madera County Connection,188,9R02-91005,CB,06 - Fresno,Mix,,"27,010",6,"$55,595",Madera,Madera,http://mcctransit.com/
Malibu Dial-A-Ride,189,90282,DR,07 - Los Angeles,Rural,"12,879",968,2,"$2,702",Malibu,Los Angeles,https://www.malibucity.org
Manhattan Beach Dial-A-Ride,191,90283,DR,07 - Los Angeles,Rural,"35,818","26,232",4,"$6,325",Manhattan Beach,Los Angeles,https://www.citymb.info/visitors/maps-and-directions/public-transportation
Manteca Transit,192,90217,"MB,DR",10 - Stockton,Mix,"76,908","63,066",5,"$54,452",Manteca,San Joaquin,http://www.ci.manteca.ca.us/PublicWorks/MantecaTransit/Pages/default.aspx
Marin Airporter,193,,CB,04 - Oakland,Mix,,0, ,$0,San Rafael,Marin,http://www.marinairporter.com/
Marin Transit,194,90234,"MB,DR",04 - Oakland,Urban,"258,365","3,087,067",87,"$3,524,545",San Rafael,Marin,http://marintransit.org/
Mariposa County Transit,195,9R02-91082,DR,10 - Stockton,Rural,,"5,910",8,"$70,638",Mariposa,Mariposa,http://ca-mariposacounty.civicplus.com/422/Transportation
Maywood Dial-A-Ride,196,90284,"DR,MB",07 - Los Angeles,Rural,"27,748","108,024",6,"$6,193",Maywood,Los Angeles,https://www.cityofmaywood.com/dial-a-ride
McFarland City Transit Bus,197,9R02-91110,DR,06 - Fresno,Rural,,"13,329",2,"$12,106",McFarland,Kern,https://www.mcfarlandcity.org/269/Transportation
Mendocino Transit Authority,198,9R02-91047,"DR,MB",01 - Eureka,Mix,,"305,443",26,"$606,613",Ukiah,Mendocino,http://www.mendocinotransit.org
Menlo Park Shuttles,199,,MB,04 - Oakland,Mix,,0, ,$0,Menlo Park,San Mateo,https://www.menlopark.org/156/Shuttle-services
Metropolitan Transportation Commission,200,90094,,04 - Oakland,Urban,,"251,570",142,"$1,296,241",San Francisco (Regional),San Francisco,https://mtc.ca.gov/
Mission Bay TMA,201,,MB,04 - Oakland,Urban,,0, ,$0,San Francisco,San Francisco,http://missionbaytma.org
Mission City Transit,202,,DR,07 - Los Angeles,Rural,,0, ,$0,San Fernando,Los Angeles,http://ci.san-fernando.ca.us/recreation-community-services/programs/mission-city-transit/
Modesto Area Express,203,90007,"DT,MB,DR",10 - Stockton,Urban,"253,607","2,265,448",63,"$2,678,586",Modesto,Stanislaus,http://www.modestoareaexpress.com/
Sage Stage,204,9R02-91008,"MB,DR",02 - Redding,Rural,,"14,133",3,"$55,675",Alturas,Modoc,http://sagestage.com/
Monrovia Transit Dial-A-Ride,205,90285,DR,07 - Los Angeles,Rural,"36,590","15,480",9,"$7,608",Monrovia,Los Angeles,https://www.cityofmonrovia.org/your-government/public-works/transportation
Montebello Bus Lines,206,90041,"MB,MB,DT",07 - Los Angeles,Urban,"315,074","5,328,407",107,"$3,972,587",Montebello,Los Angeles,http://www.ridembl.com/
Spirit Bus,207,90286,"MB,DR",07 - Los Angeles,Mix,"61,085","243,347",13,"$41,179",Monterey Park,Los Angeles,http://www.montereypark.ca.gov/546/Transportation-Services
Monterey-Salinas Transit,208,90062,"MB,DR,MB",05 - San Luis Obispo,Urban,"435,232","4,428,381",116,"$8,715,327",Monterey,Monterey,http://www.mst.org/
Monument Community Shuttle,209,,MB,04 - Oakland,Mix,,0, ,$0,Concord,Contra Costa,http://monumentimpact.org/en/resident-engagement/monument-community-shuttle/
Moorpark City Transit,210,90227,MB,07 - Los Angeles,Rural,"35,727","49,608",2,"$37,569",Moorpark,Ventura,http://www.moorparkca.gov/223/Transportation
Morongo Band of Mission Indians,211,99358,DR,08 - San Bernardino,Rural,,"3,179",2,"$3,351",Banning,Riverside,http://morongonation.org/content/transportation-department
Morongo Basin Transit Authority,212,9R02-91090,"DR,CB,MB",08 - San Bernardino,Rural,,"277,809",23,"$407,925",Joshua Tree,San Bernardino,http://www.mbtabus.com
Morro Bay Transit,213,,"MB,DR",05 - San Luis Obispo,Rural,,0, ,$0,Morro Bay,San Luis Obispo,https://www.morro-bay.ca.us/293/Transit
Mountain Transit,214,9R02-91012,"MB,DR,CB",08 - San Bernardino,Rural,,"181,781",17,"$459,509",Big Bear Lake,San Bernardino,http://mountaintransit.org/
Mountain View Community Shuttle,216,,MB,04 - Oakland,Mix,,0, ,$0,Mountain View,Santa Clara,https://mvcommunityshuttle.com
MVGO,217,,MB,04 - Oakland,Mix,,0, ,$0,Mountain View,Santa Clara,http://www.mvgo.org/
Vine Transit,218,90088,"DR,MB,CB",04 - Oakland,Mix,"138,000","1,059,168",41,"$1,141,869",Napa,Napa,http://www.ridethevine.com/
Needles Area Transit,220,9R02-91020,MB,08 - San Bernardino,Rural,,"27,623",1,"$41,619",Needles,San Bernardino,http://www.cityofneedles.com/transit/
Gold Country Stage,221,9R02-91095,"DR,MB",03 - Marysville,Rural,,"373,848",17,"$298,761",Grass Valley,Nevada,https://www.mynevadacounty.com/2257/Transit-Services
Newport Beach Friends of Oasis Senior Center,223,,DR,12 - Irvine,Mix,,0, ,$0,Newport Beach,Orange,https://www.newportbeachca.gov/government/departments/recreation-senior-services/senior-services-oasis-senior-center/transportation-service
Norman Y. Mineta San Jose International Airport,225,,MB,04 - Oakland,Urban,,0, ,$0,San Jose,Santa Clara,https://www.flysanjose.com/
North County Transit District,226,90030,"YR,DR,CR,MB",11 - San Diego,Urban,"849,420","10,391,615",203,"$15,539,507",Oceanside,San Diego,http://www.gonctd.com/
North Fork Rancheria Tribal Transit Program,227,99364,DR,06 - Fresno,Rural,,"3,566",2,$0,North Fork,madera,http://northforkrancheria-nsn.gov/departments/transportation
Norwalk Transit System,228,90022,"DR,MB",07 - Los Angeles,Urban,"637,365","1,452,037",30,"$1,280,842",Norwalk,Los Angeles,https://www.norwalk.org/city-hall/departments/norwalk-transit-system-nts
Oakland International Airport,229,,MB,04 - Oakland,Urban,,0, ,$0,Oakland,Alameda,https://www.oaklandairport.com/
Ojai Trolley,231,9R02-91058,MB,07 - Los Angeles,Rural,,"74,056",2,"$86,835",Ojai,Ventura,http://ojaitrolley.com/
OmniTrans,232,90029,"DR,MB,MB",08 - San Bernardino,Urban,"1,487,235","10,863,530",251,"$13,273,389",San Bernardino,San Bernardino,http://www.omnitrans.org/
Ontario International Airport,233,,MB,08 - San Bernardino,Urban,,0, ,$0,Ontario,San Bernardino,https://www.flyontario.com/
Orange Belt Stages,234,,CB,06 - Fresno,Mix,,0, ,$0,Visalia,Tulare,http://www.orangebelt.com/
Orange County Transportation Authority,235,90036,"DT,VP,DR,MB,CB,MB,CB",12 - Irvine,Urban,"2,856,307","40,743,654","1,485","$54,749,719",Orange,Orange,http://www.octa.net/
PAL Shuttle,236,,,11 - San Diego,Mix,,0, ,$0,Carlsbad,*Los Angeles,https://palomarlimo.com/
Desert Roadrunner,238,,MB,08 - San Bernardino,Rural,,0, ,$0,Blythe,Riverside,https://pvvta.com/
Palos Verdes Peninsula Transit Authority,239,90287,"DT,MB",07 - Los Angeles,Mix,"64,272","155,504",28,"$303,057",Rolling Hills,Los Angeles,http://www.palosverdes.com/pvtransit/
Paramount Transportation,241,,"DT,DR",11 - San Diego,Urban,,0, ,$0,Paramount,San Diego,http://www.paramountcity.com/community/transit-services
"Paratransit, Inc.",242,90223,"DR,DT",03 - Marysville,Mix,"1,035,779","405,179",120,"$1,876,478",Sacramento,Sacramento,http://www.paratransit.org/
Pasadena Transit,243,99424,"MB,DR",07 - Los Angeles,Urban,"142,250","1,580,241",33,"$738,776",Pasadena,Los Angeles,https://www.cityofpasadena.net/pasadena-transit/
Caltrain,246,90134,"MB,CR",04 - Oakland,Urban,"3,690,367","18,179,876",140,"$102,668,114",San Carlos,San Mateo,http://www.caltrain.com/
Petaluma Transit,247,90213,"MB,DR",04 - Oakland,Mix,"60,530","349,280",15,"$253,061",Petaluma,Sonoma,http://transit.cityofpetaluma.net/
Pico Rivera Dial-A-Ride,248,90288,DR,07 - Los Angeles,Urban,"62,942","8,005",2,$0,Pico Rivera,Los Angeles,http://www.pico-rivera.org/depts/parks/programs/senior/transportation.asp
Placentia Senior Services,250,,,12 - Irvine,Mix,,0, ,$0,Placentia,Orange,http://www.placentia.org/339/Senior-Center
Placer County Transit,251,90196,"DR,CB,DR,MB,MB,VP",03 - Marysville,Mix,"357,463","764,527",39,"$1,047,758",Auburn,Placer,https://www.placer.ca.gov/1768/Placer-County-Transit
Playa Vista Shuttle,252,,MB,07 - Los Angeles,Mix,,0, ,$0,Playa Vista,Los Angeles,https://playavista.com/playa-vista-shuttle/
Pleasanton Rides,253,,DR,04 - Oakland,Mix,,0, ,$0,Pleasanton,Alameda,https://blacktietrans.com/pleasanton-rides/
Plumas Transit Systems,254,9R02-91119,MB,02 - Redding,Rural,,"35,932",8,"$103,847",Quincy,Plumas,https://www.plumastransit.com/
Pomona Valley Transportation Authority,255,99425,"DR,DT",07 - Los Angeles,Mix,"252,880","144,013",37,"$192,298",La Verne,Los Angeles,http://www.pvtrans.org/
Porterville Transit,256,90198,"DR,MB",06 - Fresno,Mix,"75,691","635,559",13,"$574,382",Porterville,Tulare,http://www.portervilletransit.com/
PresidioGo Shuttle,257,,MB,04 - Oakland,Urban,,0, ,$0,San Francisco,San Francisco,http://www.presidio.gov/transportation/presidigo
Redding Area Bus Authority,259,90093,"DR,MB",02 - Redding,Mix,"117,478","630,122",29,"$694,853",Redding,Shasta,http://www.rabaride.com/
Beach Cities Transit,260,90214,"DR,MB",07 - Los Angeles,Mix,"67,233","367,087",14,"$328,388",Redondo Beach,Los Angeles,https://www.redondo.org/depts/recreation/transit/beach_cities_transit/default.asp
Redwood Coast Transit,261,9R02-91097,"MB,DR",01 - Eureka,Mix,,"110,648",8,"$143,979",Crescent City,Del Norte,http://www.redwoodcoasttransit.org/
Ridgecrest Transit,263,9R02-91006,MB,09 - Bishop,Rural,,0,5,"$33,384",Ridgecrest,Kern,https://www.ridgecrest-ca.gov/384/Ridgecrest-Transit-Bus-Schedule
Rio Vista Delta Breeze,264,9R02-91014,MB,04 - Oakland,Rural,,"10,441",3,"$20,239",Rio Vista,Solano,http://riovistacity.com/delta-breeze-transit-system/
Blossom Express,265,,MB,10 - Stockton,Rural,,0, ,$0,Ripon,San Joaquin,http://www.cityofripon.org/cms/one.aspx?portalId=1080111&pageId=2984496
Riverside County Transportation Commission,267,90218,VP,08 - San Bernardino,Urban,,"160,360",73,"$794,387",Riverside,Riverside,http://www.rctc.org/
Riverside Special Transportation,268,90086,DR,08 - San Bernardino,Urban,"313,041","139,878",25,"$440,478",Riverside,Riverside,https://www.riversideca.gov/park_rec/programs-sports/seniors/special-transportation-seniors-and-disabled
Riverside Transit Agency,269,90031,"MB,MB,CB,DT,CB,DR",08 - San Bernardino,Urban,"2,018,724","8,697,652",303,"$11,003,883",Riverside,Riverside,http://www.riversidetransit.com/
Rosemead Explorer,270,90289,"MB,DR",07 - Los Angeles,Urban,"54,908","67,849",4,"$22,146",Rosemead,Los Angeles,http://www.cityofrosemead.org/cms/one.aspx?pageId=10909050
Roseville Transit,271,90168,"CB,DR,MB",03 - Marysville,Mix,"135,888","341,362",24,"$850,548",Roseville,Placer,http://www.roseville.ca.us/transit/
Sacramento International Airport,272,,MB,03 - Marysville,Urban,,0, ,$0,Sacramento,Sacramento,http://www.sacairports.org/
Sacramento Regional Transit District,273,90019,"LR,DR,MB",03 - Marysville,Urban,"1,031,946","19,989,131",258,"$25,428,432",Sacramento,Sacramento,http://www.sacrt.com/
San Benito County Express,274,9R02-91009,"MB,CB,DR",05 - San Luis Obispo,Rural,,"120,244",18,"$151,036",Hollister,San Benito,http://www.sanbenitocountyexpress.org/
San Clemente Senior Transportation,275,,DR,12 - Irvine,Mix,,0, ,$0,San Clemente,Orange,http://www.san-clemente.org/department-services/social-services/senior-services
San Diego Association of Governments,276,90095,VP,11 - San Diego,Urban,"3,316,192","1,746,541",689,"$9,834,341",San Diego,San Diego,http://www.sandag.org/
San Diego International Airport,277,,MB,11 - San Diego,Urban,,0, ,$0,San Diego,San Diego,https://www.san.org/
San Diego Metropolitan Transit System,278,90026,"MB,MB,CB,DT,DR,LR",11 - San Diego,Urban,"2,462,707","85,357,495",969,"$92,225,166",San Diego,San Diego,http://www.sdmts.com/
Bay Area Rapid Transit,279,90003,"HR,MG,YR",04 - Oakland,Urban,"833,762","128,217,031",605,"$481,780,512",Oakland,"Alameda, Contra Costa, Santa Clara, San Mateo",http://www.bart.gov/
San Francisco Bay Ferry,280,90225,FB,04 - Oakland,Urban,"281,832","3,048,876",11,"$22,434,950",San Francisco,San Francisco,https://sanfranciscobayferry.com/
San Francisco International Airport,281,,MB,04 - Oakland,Mix,,0, ,$0,South San Francisco,San Mateo,https://www.flysfo.com/
MUNI,282,90015,"MB,CC,SR,TB,LR,DR",04 - Oakland,Urban,"874,228","223,338,056","1,006","$196,820,505",San Francisco,San Francisco,http://www.sfmta.com/
San Joaquin Regional Transit District,284,90012,"MB,MB,DT,DR,CB",10 - Stockton,Urban,"735,764","3,664,728",107,"$3,114,144",Stockton,San Joaquin,http://www.sanjoaquinrtd.com/
San Joaquin Valley Regional Planning Agencies Policy Council,285,99422,VP,,Mix,,"205,308",98,"$1,693,033",Modesto,San Joaquin,http://sjvcogs.org
San Leandro LINKS,286,,MB,04 - Oakland,Mix,,0, ,$0,San Leandro,Alameda,http://sanleandrolinks.com/
SLO Transit,287,90156,MB,05 - San Luis Obispo,Rural,"52,576","981,995",15,"$703,061",San Luis Obispo,San Luis Obispo,https://www.slocity.org/government/department-directory/public-works/slo-transit
San Luis Obispo Council of Governments,288,90297,VP,05 - San Luis Obispo,Mix,"269,237","27,244",12,"$125,684",San Luis Obispo,San Luis Obispo,www.slocog.org
San Luis Obispo Regional Transit Authority,289,90206,"DR,MB",05 - San Luis Obispo,Mix,"206,008","1,096,092",50,"$1,527,578",San Luis Obispo,San Luis Obispo,http://www.slorta.org/
SamTrans,290,90009,"DR,MB,DT,MB",04 - Oakland,Urban,"737,100","11,342,332",388,"$15,579,391",San Carlos,San Mateo,http://www.samtrans.com/
Santa Barbara Metropolitan Transit District,293,90020,MB,05 - San Luis Obispo,Urban,"199,668","6,432,190",93,"$7,167,098",Santa Barbara,Santa Barbara,http://www.sbmtd.gov/
Santa Clara Valley Transportation Authority,294,90013,"LR,DT,MB,DR,MB",04 - Oakland,Urban,"1,938,180","36,432,963",650,"$38,129,524",San Jose,Santa Clara,http://www.vta.org/
Santa Clarita Transit,295,90171,"MB,CB,DR",07 - Los Angeles,Urban,"252,271","2,681,213",91,"$3,285,644",Santa Clarita,Los Angeles,http://santaclaritatransit.com/
Santa Cruz Metropolitan Transit District,296,90006,"MB,DR,CB",05 - San Luis Obispo,Mix,"274,146","5,119,469",103,"$9,712,532",Santa Cruz,Santa Cruz,http://www.scmtd.com/
Santa Fe Springs Transit,297,90290,DR,07 - Los Angeles,Mix,"17,053","8,562",4,$0,Santa Fe Springs,Los Angeles,https://www.santafesprings.org/cityhall/transportation_services/default.asp
Santa Maria Area Transit,298,90087,"DR,MB",05 - San Luis Obispo,Mix,"120,097","687,383",28,"$772,628",Santa Maria,Santa Barbara,https://www.cityofsantamaria.org/city-government/departments/public-works-services/public-transit-services-2499
Big Blue Bus,300,90008,"DT,DR,MB",07 - Los Angeles,Urban,"855,918","12,567,992",197,"$11,430,811",Santa Monica,Los Angeles,http://www.bigbluebus.com/
Santa Rosa CityBus,301,90017,"MB,MB,DR",04 - Oakland,Urban,"181,430","1,851,967",38,"$1,543,304",Santa Rosa,Sonoma,www.srcity.org/citybus
Seal Beach Senior Bus Program,302,,DT,12 - Irvine,Rural,,0, ,$0,Seal Beach,Orange,http://www.sealbeachca.gov/City-Services/Transportation-Services
Shafter Dial-A-Ride,303,9R02-91120,DR,06 - Fresno,Rural,,"34,235",9,"$35,271",Shafter,Kern,https://www.shafter.com/148/Transit
Sierra County Transportation Commission,304,9R02-91038,DR,03 - Marysville,Rural,,"3,211",4,"$10,319",Downieville,Sierra,https://www.sierracounty.ca.gov/410/Transit
Sierra Madre Gateway Coach,305,,"DR,MB",07 - Los Angeles,Rural,,0, ,$0,Sierra Madre,Los Angeles,http://www.cityofsierramadre.com/services/transportation/gateway_coach
Signal Hill Dial-a-Taxi,306,,DT,07 - Los Angeles,Rural,,0, ,$0,Signal Hill,Los Angeles,https://www.cityofsignalhill.org/260/Dial-a-Taxi-Dial-a-Lift
Simi Valley Transit,308,90050,"MB,DR",07 - Los Angeles,Mix,"126,788","307,369",17,"$357,483",Simi Valley,Ventura,https://www.simivalley.org/departments/community-services/simi-valley-transit
SolTrans,310,90232,"DR,MB,CB",04 - Oakland,Urban,"149,473","1,446,163",41,"$3,310,679",Vallejo,Solano,http://www.soltransride.com/
Santa Ynez Valley Transit,312,9R02-91028,"MB,DR",05 - San Luis Obispo,Rural,,"41,562",5,"$57,405",Solvang,Santa Barbara,http://www.cityofsolvang.com/211/Santa-Ynez-Valley-Transit
Sonoma County Airport Express,313,,MB,04 - Oakland,Mix,,0, ,$0,Santa Rosa,Sonoma,http://airportexpressinc.com/
Sonoma County Transit,314,90089,"MB,DR",04 - Oakland,Mix,"500,225","965,635",66,"$1,804,581",Santa Rosa,Sonoma,http://www.sctransit.com/
Sonoma-Marin Area Rail Transit,315,90299,CR,04 - Oakland,Mix,,"716,847",11,"$4,094,540",Petaluma,Sonoma,www.sonomamarintrain.org
South El Monte Senior Transportation,319,,,07 - Los Angeles,Mix,,0, ,$0,South El Monte,Los Angeles,http://www.ci.south-el-monte.ca.us/CITYDEPARTMENTSSERVICES/CommunityServices/SeniorServices.aspx
Get Around Town Express,320,90291,"DT,MB",07 - Los Angeles,Mix,"99,578","340,531",14,"$126,814",South Gate,Los Angeles,http://www.cityofsouthgate.org/218/GATE-Get-Around-Town-Express
South Pasadena Dial-A-Ride,321,90292,DR,07 - Los Angeles,Mix,"25,959","10,788",5,"$5,079",South Pasadena,Los Angeles,http://www.southpasadenaca.gov/index.aspx?page=104
Disneyland Resort Express,322,,MB,12 - Irvine,Urban,,0, ,$0,Anaheim,Orange,https://dre.coachusa.com/
Metrolink,323,90151,CR,07 - Los Angeles,Urban,"8,341,002","12,824,059",195,"$82,152,185",Los Angeles,Los Angeles,http://www.metrolinktrains.com/
Marguerite Shuttle,324,,MB,04 - Oakland,Mix,,0, ,$0,Stanford,Santa Clara,http://transportation.stanford.edu/marguerite/
Stanislaus Regional Transit,325,90236,"MB,DR,CB",10 - Stockton,Mix,"540,214","333,632",29,"$586,079",Modesto,Stanislaus,http://www.srt.org/
SunLine Transit Agency,327,90079,"VP,MB,DR",08 - San Bernardino,Urban,"432,416","4,217,807",97,"$3,030,352",Thousand Palms,Riverside,http://www.sunline.org/
Whittier Dial-A-Ride,328,90295,DR,07 - Los Angeles,Urban,,"65,299",12,"$26,099",Whittier,Los Angeles,https://www.whittierprcs.org/transit/dial-a-ride-and-dar-plus
Susanville Indian Rancheria Public Transportation Program,329,99256,,02 - Redding,Rural,,0, ,$0,Susanville,Lassen,http://www.sir-nsn.gov/event/new-transportation-bus-schedule/
Taft Area Transit,330,9R02-91066,DR,06 - Fresno,Rural,,"33,514",4,"$66,151",Taft,Kern,http://www.cityoftaft.org/pView.aspx?id=5385&catid=562
Tahoe Transportation,331,91092,"MB,DR,CB",03 - Marysville,Rural,,"338,726",19,"$619,424","Stateline, NV",El Dorado,http://tahoetransportation.org/blog/category/bluego/
Tehachapi Dial-A-Ride,333,9R02-91074,DR,09 - Bishop,Rural,,"5,730",2,"$6,387",Tehachapi,Kern,http://www.liveuptehachapi.com/158/Tehachapi-Bus-Information
Tehama Rural Area eXpress,334,9R02-91089,"MB,DR",02 - Redding,Rural,,"102,406",11,"$126,702",Red Bluff,Tehama,http://www.taketrax.com/
Tri Delta Transit,336,90162,"MB,DR,DT",04 - Oakland,Urban,"306,000","1,985,920",91,"$2,257,972",Antioch,Contra Costa,http://www.trideltatransit.com/
Thousand Oaks Transit,337,90165,"MB,DR",07 - Los Angeles,Mix,"419,630","230,954",29,"$407,438",Thousand Oaks,Ventura,https://www.toaks.org/departments/public-works/transit
Tideline,338,,FB,04 - Oakland,Urban,,0, ,$0,San Francisco,San Francisco,https://tidelinetickets.com/
Torrance Transit System,339,90010,"MB,DT",07 - Los Angeles,Urban,"606,847","3,646,536",84,"$2,528,264",Torrance,Los Angeles,http://Transit.TorranceCA.Gov/
Town of Truckee,340,9R02-91101,"MB,DR",03 - Marysville,Rural,,"24,226",6,"$2,522",Truckee,Nevada,https://www.townoftruckee.com/government/engineering-and-public-works/public-transportation
TRACER,341,90197,"MB,DR",10 - Stockton,Mix,"85,182","169,475",13,"$116,284",Tracy,San Joaquin,https://www.ci.tracy.ca.us/?navid=193
Merced The Bus,343,90173,"MB,DR",10 - Stockton,Mix,"136,957","950,730",53,"$1,303,217",Merced,Merced,http://www.mercedthebus.com/
Trinity Transit,344,9R02-91035,MB,02 - Redding,Rural,,"13,375",4,"$59,575",Weaverville,Trinity,http://trinitytransit.org/
Tulare InterModal Express,345,90244,"MB,DR",06 - Fresno,Mix,"63,515","310,495",10,"$270,079",Tulare,Tulare,http://www.ci.tulare.ca.us/local_government/departments/administrative_services/transit.htm/
Tulare County Area Transit,346,9R02-91055,"DR,MB",06 - Fresno,Mix,,"278,104",24,"$405,971",Tulare,Tulare,https://tularecounty.ca.gov/rma/index.cfm/tulare-county-area-transit-tcat/
Tule River Indian Tribe,347,99370,,06 - Fresno,Mix,,0, ,$0,Porterville,Tulare,tulerivertribe-nsn.gov/
Tuolumne County Transit,348,9R02-91057,"DR,MB",10 - Stockton,Rural,,"86,581",20,"$189,136",Sonora,Tuolumne,http://www.tuolumnecountytransit.com/
Turlock Transit,349,90201,"MB,DR",10 - Stockton,Mix,"87,867","188,450",10,"$214,983",Turlock,Stanislaus,www.turlocktransit.com
Union City Transit,350,90161,"DR,MB",04 - Oakland,Mix,"73,452","281,101",18,"$319,277",Union City,Alameda,http://www.uctransit.org/
Unitrans,351,90142,MB,03 - Marysville,Mix,"72,611","3,741,782",35,"$2,872,046",Davis,Yolo,http://www.unitrans.com/
UC San Diego Campus Shuttles,352,,MB,11 - San Diego,Mix,,0, ,$0,La Jolla,San Diego,http://transportation.ucsd.edu/shuttles/index.html
USC Transportation,353,,MB,07 - Los Angeles,Urban,,0, ,$0,Los Angeles,Los Angeles,http://transnet.usc.edu/index.php/bus-map-schedules/
USDA Forest Service Southwest Region,354,,MB,04 - Oakland,Mix,,0, ,$0,Vallejo,*Solano,https://www.fs.usda.gov/detail/r5/workingtogether/?cid=STELPRDB5373419
Vacaville City Coach,356,90155,"DR,MB",04 - Oakland,Mix,"93,141","372,004",16,"$340,167",Vacaville,Solano,http://www.citycoach.com/
Victor Valley Transit,360,90148,"CB,MB,DR,VP",08 - San Bernardino,Urban,"429,481","2,240,374",296,"$6,648,370",Hesperia,San Bernardino,http://www.vvta.org/
Visalia Transit,361,90091,"DR,CB,MB",06 - Fresno,Urban,"133,151","1,304,517",40,"$1,580,854",Visalia,Tulare,http://www.visaliatransit.com/
Walnut Way Dial-a-Cab,362,,DT,07 - Los Angeles,Mix,,0, ,$0,Walnut,Los Angeles,http://www.cityofwalnut.org/for-residents/community-resources/transportation/dial-a-cab
City of Wasco,363,9R02-99426,DR,06 - Fresno,Rural,,"25,297",3,"$31,839",Wasco,Kern,http://www.ci.wasco.ca.us/residents/transportation/
West Berkeley Shuttle,365,,MB,04 - Oakland,Mix,,0, ,$0,Berkeley,Alameda,http://westberkeleyshuttle.net/
Go West Shuttle,366,90293,"MB,DR",07 - Los Angeles,Urban,"108,484","54,718",8,"$52,123",West Covina,Los Angeles,https://www.westcovina.org/departments/public-services-department/public-services-department-community-services-division/transit-services
West Hollywood Transit Service,367,90294,"DR,MB",07 - Los Angeles,Mix,"35,288","106,738",10,$0,West Hollywood,Los Angeles,https://www.weho.org/services/public-transportation-transit-options
WestCAT,368,90159,"CB,DR,MB",04 - Oakland,Urban,"64,925","1,179,545",58,"$2,387,420",Pinole,Contra Costa,http://www.westcat.org/
Westminster on Wheels Senior Transportation Program,369,,"DR,MB",12 - Irvine,Mix,,0, ,$0,Westminster,Orange,https://www.westminster-ca.gov/departments/community-services/senior-services/transportation-program
Woodlake Dial-A-Ride,371,9R02-91079,DR,06 - Fresno,Rural,,"18,698",3,"$13,667",Woodlake,Tulare,http://www.cityofwoodlake.com/transportation/
Yolobus,372,90090,"DR,MB",03 - Marysville,Urban,"528,880","1,211,452",49,"$2,202,677",Woodland,Yolo,http://www.yolobus.com/
Yorba Linda Taking Retired Adults Into Local Services,373,,DT,12 - Irvine,Mix,,0, ,$0,Yorba Linda,Orange,https://www.yorbalindaca.gov/391/Senior-Mobility-ProgramTRAILS
Yosemite Area Regional Transportation System,374,9R02-91070,MB,10 - Stockton,Mix,,"80,725",10,"$408,986",Merced,Merced,http://www.YARTS.com
Yuba Bus,375,,,03 - Marysville,Rural,,0, ,$0,Nevada City,Nevada,https://yubabus.com/
Yuba-Sutter Transit Authority,376,90061,"MB,CB,DR",03 - Marysville,Mix,"141,986","931,948",34,"$1,246,334",Marysville,Yuba,http://www.yubasuttertransit.com/
Yurok Tribe Transit Service,377,99262,"DR,FB",01 - Eureka,Rural,,"24,189",4,$0,Klamath,Del Norte,https://www.yuroktribe.org/departments/planning/Transportation_Program.htm
Shasta Regional Transit Agency,378,,,02 - Redding,Mix,,0, ,$0,Redding,Shasta,https://www.srta.ca.gov/
Santa Barbara County Association of Governments,379,90303,CB,05 - San Luis Obispo,Mix,,"179,026",13,"$869,735",Santa Barbara,Santa Barbara,http://www.sbcag.org/
Ventura County Transportation Commission,380,90164,"MB,CB,DR",07 - Los Angeles,Mix,,"741,022",46,"$1,001,495",Ventura,Ventura,https://www.goventura.org/
SolanoExpress,381,,MB,04 - Oakland,Mix,,0, ,$0,Suisun City,Solano,https://www.solanoexpress.com/
San Bernardino County Transportation Authority,385,90302,VP,08 - San Bernardino,Urban,,"49,072",34,"$249,373",San Bernardino,San Bernardino,http://gosbcta.com/
Yuma County Area Transit,386,90233,"DR,VP,MB",11 - San Diego,Mix,,"531,761",58,"$752,976",Yuma,"Yuma, AZ",https://www.ycipta.org/
Inyo County Local Transportation Commission,387,,,09 - Bishop,Rural,,0, ,$0,Independence,Inyo,http://www.inyoltc.org/
South County Area Transit,388,90206,MB,05 - San Luis Obispo,Mix,,0, ,$0,San Luis Obispo,San Luis Obispo,http://www.slorta.org/about-rta/south-county-transit-sct/
Tahoe Truckee Area Regional Transportation,389,,"MB,DR",03 - Marysville,Rural,,0, ,$0,Truckee,Nevada,https://tahoetruckeetransit.com/
Foothill Gold Line,391,,,07 - Los Angeles,Mix,,0, ,$0,Monrovia,Los Angeles,https://foothillgoldline.org/
Dana Point Trolley,393,,MB,12 - Irvine,Rural,,0,,$0,Dana Point,Orange,https://visitdanapoint.com/dana-point-trolley/
San Juan Capistrano Free Weekend Trolley,394,,MB,12 - Irvine,Rural,,0,,$0,San Juan Capistrano,Orange,https://sanjuancapistrano.org/Visitor-Information/Trolley-Service
San Clemente Trolley,395,,MB,12 - Irvine,Rural,,0,,$0,San Clemente,Orange,https://www.san-clemente.org/recreation-community/beaches/san-clemente-trolley
American Cancer Society,396,,DR,,,,0,,$0,Eureka,All counties,https://www.cancer.org/
Ampla Health,397,,DR,,,,0,,$0,Yuba City,Sutter,https://www.amplahealth.org/
ARC Imperial Valley,398,,DR,,,,0,,$0,El Centro,Imperial,http://arciv.org/
Area 1 Agency on Aging,399,,DR,,,,0,,$0,Eureka,Humboldt,http://www.a1aa.org/
Asian Community Center of Sacramento Valley,400,,DR,,,,0,,$0,Sacramento,Sacramento,https://www.accsv.org/
Avenidas,401,,DR,,,,0,,$0,Palo Alto,Santa Clara,https://www.avenidas.org/
Bay Area Outreach & Recreation Program,402,,DR,,,,0,,$0,Berkeley,Alameda,https://www.borp.org/
Becoming Independent,403,,DR,,,,0,,$0,Santa Rosa,Sonoma,https://becomingindependent.org/
Big Valley 50 Plus,404,,DR,,,,0,,$0,Bieber,Lassen,https://www.bigvalley50plus.com/
Cambria Community Council,405,,DR,,,,0,,$0,Cambria,San Luis Obispo,https://cambriacommunitycouncil.org/
Camping Unlimited for Developmentally Disabled,406,,DR,,,,0,,$0,Boulder Creek,Santa Cruz,https://campingunlimited.org/
Care-A-Van,407,,DR,,,,0,,$0,Standford,Santa Clara,https://www.stanfordchildrens.org/
Catholic Charities of the Diocese of Stockton,408,,DR,,,,0,,$0,Stockton,San Joaquin,https://www.ccstockton.org/
Center for Elders' Independence,409,,DR,,,,0,,$0,Oakland,Alameda,https://cei.elders.org/
Central California Nikkei Foundation,410,,DR,,,,0,,$0,Fresno,San Joaquin,http://ccnf.org/
Alameda Loop Shuttle,412,,DR,,,,0,,$0,Alameda,Alameda,https://www.alamedaca.gov/
Berkeley Aging Services Division,413,,DR,,,,0,,$0,Berkeley,Alameda,https://www.cityofberkeley.info/
Fontana Community Senior Center Transportation Services,414,,DR,,,,0,,$0,Fontana,San Bernardino,https://www.fontana.org/
Fortuna Transit,415,,DR,,,,0,,$0,Fortuna,San Bernardino,https://www.friendlyfortuna.com/
Lamorinda Spirit Van,416,,DR,,,,0,,$0,Lafayette,Contra Costa,https://www.lovelafayette.org/
Tustin Area Senior Center,417,,,,,,0,,$0,Tustin,Orange,https://www.tustinca.org/
Coastal Seniors,418,,,,,,0,,$0,Point Arena,Mendocino County,https://www.coastalseniors.org/
Common Ground Senior Services,419,,,,,,0,,$0,Sutter Creek,Amador,https://commongroundseniorservices.org/
Lift Line,420,,,,,,0,,$0,Watsonville,Santa Cruz,https://communitybridges.org/
Deaf Plus Adult Community,421,,,,,,0,,$0,Newark,Alameda,https://deafplus.wixsite.com/
Dignity Health,422,,,,,,0,,$0,Mount Shasta,Siskiyou,https://www.dignityhealth.org/
Drivers for Survivors,423,,,,,,0,,$0,Freemont,Alameda,https://driversforsurvivors.org/
Easy Does It Emergency Services,424,,,,,,0,,$0,Berkeley,Alameda,https://easydoesitservices.org/
Easy Lift Transportation,425,,,,,,0,,$0,Goleta,Santa Barbara,https://www.easylift.org/
El Concilio,426,,,,,,0,,$0,Stockton,San Joaquin,https://www.elconcilio.org/
ElderHelp of San Diego,427,,,,,,0,,$0,San Diego,San Diego,https://www.elderhelpofsandiego.org/
Fallbrook Healthcare Foundation,428,,,,,,0,,$0,San Diego,San Diego,https://foundationforseniorcare.org/
Forest Folk Incorporated,429,,,,,,0,,$0,Idyllwild,Riverside,https://forestfolk.org/
"Heart of the Valley, Services for Seniors",430,,,,,,0,,$0,Santa Clara,Santa Clara,https://servicesforseniors.org/
Hi-Desert Memorial Health Care District,431,,,,,,0,,$0,Yucca Valley,San Bernardino,https://www.mbhdistrict.org/
Home of Guiding Hands,432,,,,,,0,,$0,El Cajon,San Diego,http://www.guidinghands.org/
Independent Living Partnership,433,,,,,,0,,$0,Riverside,Riverside,https://ilpconnect.org/
Inyo-Mono Association for the Handicapped,434,,,,,,0,,$0,Bishop,Inyo,http://imahstars.org/
Kimochi Transportation Services,435,,,,,,0,,$0,San Francisco,San Francisco,https://www.kimochi-inc.org/
Klamath Trinity Non-Emergency Transportation,436,,,,,,0,,$0,Willow Creek,"Humboldt, Trinity",http://www.ktnet.org/
LIFE ElderCare,437,,,,,,0,,$0,Fremont,Alameda,https://lifeeldercare.org/
Lodi Memorial Hospital Association,438,,,,,,0,,$0,Lodi,San Joaquin,https://www.adventisthealth.org/lodi-memorial/
Lutheran Social Services,439,,,,,,0,,$0,Fullerton,Orange,https://www.lsssc.org/
Milestones of Development,440,,,,,,0,,$0,Vallejo,Solano,https://www.milestonesofdevelopment.org/
Mobility Management Partners,441,,,,,,0,,$0,Camarillo,Ventura,http://mobilitymp.net/mmp/
Mobility Matters,442,,,,,,0,,$0,Lafayette,Contra Costa,https://www.mobilitymatterscc.com/
Mountain Shadows Support Group,443,,,,,,0,,$0,San Marcos,San Diego,https://mtnshadows.org/
MOVE Stanislaus Transportation,444,,,,,,0,,$0,Modesto,Stanislaus,http://www.movestanislaus.org/
North and South of Market Adult Day Health,445,,,,,,0,,$0,San Francisco,San Francisco,https://www.steppingstonehealth.org/
North Valley Services,446,,,,,,0,,$0,Red Bluff,"Tehama, Glenn, Lassen",https://www.northvalleyservices.org/
Northern Inyo Healthcare District,447,,,,,,0,,$0,Bishop,Inyo,https://www.nihdfoundation.org/
OUTREACH,448,,,,,,0,,$0,Milpitas,Santa Clara,http://www.outreach1.org/
Peninsula Jewish Community Center,450,,,,,,0,,$0,Foster City,San Mateo,https://pjcc.org/
People Services,451,,,,,,0,,$0,Lakeport,Lake,http://www.peopleservices.org/
Porterville Sheltered Workshop,452,,,,,,0,,$0,Porterville,San Joaquin,http://pswcares.org/
Pride Industries Transit,453,,,,,,0,,$0,Foresthill,Placer,https://prideindustries.wordpress.com/
Reach Out Morongo Basin,454,,,,,,0,,$0,Twentynine Palms,San Bernardino,http://reachoutmb.org/
Redwood Coast Seniors,455,,,,,,0,,$0,Fort Bragg,Mendocino,https://www.rcscenter.org/
Riverside University Health System,456,,,,,,0,,$0,Riverside,Riverside,http://www.ruhealth.org/en-us
Saratoga Area Senior Coordinating Council,457,,,,,,0,,$0,Saratoga,"Santa Clara, San Mateo",https://www.sascc.org/
Shores of Hope,458,,,,,,0,,$0,West Sacramento,Sacramento,http://shoresofhope.org/index.html
South Side Community Connections,459,,,,,,0,,$0,Groveland,Tuolumne,https://southsidecommunityconnections.org/
St. Madeleine Sophie's Center,460,,,,,,0,,$0,El Cajon,San Diego,https://stmsc.org/
The Arc of Amador and Calaveras,461,,,,,,0,,$0,Sutter Creek,"Amador, Calaveras",http://arcofamador.org/
Turning Point Community Programs,462,,,,,,0,,$0,Rancho Cordova,Stanislaus,https://www.tpcp.org/
Ukiah Senior Center,463,,,,,,0,,$0,Ukiah,Mendocino,https://www.ukiahseniorcenter.org/
United Cerebral Palsy Association of Greater Sacramento,464,,,,,,0,,$0,Sacramento,Sacramento,https://ucpsacto.org/
Ride On,465,,,,,,0,,$0,San Luis Obispo ,San Luis Obispo ,http://ucp-slo.org/
Upland Manor,466,,,,,,0,,$0,Upland,San Bernadino,uplandmanor.com
Valley Achievement Center,467,,,,,,0,,$0,Bakersfield,Kern,autism-vac.org
Victor Valley Community Services Council,468,,,,,,0,,$0,Victorville,San Bernadino,vvcsc.com
Vintage House,469,,,,,,0,,$0,Sonoma,Sonoma ,https://vintagehouse.org
West Valley Community Services,470,,,,,,0,,$0,Cupertino,San Mateo,https://www.wvcommunityservices.org
Work Training Center,471,,,,,,0,,$0,Chico,Butte ,https://wtcinc.org/
Tuolumne County Transportation Council,472,,,,,,0,,$0,Sonora,Tuolumne,https://www.tuolumnecountytransportationcouncil.org/copy-of-transit-planning
Clean Air Express,473,,Y,,,,0,,$0,,,http://www.cleanairexpress.com/
SDTJ Passport,474,,IB ,,,,,,,,,
El Corre Caminos,475,,IB ,,,,,,,,,
Limousine Express ,476,,IB ,,,,,,,,,
Tufesa ,477,,IB ,,,,,,,,,
Fronteras Del Norte,478,,IB ,,,,,,,,,
Santiago Express,479,,IB ,,,,,,,,,
Rapid Connection,480,,IB ,,,,,,,,,